rs1333049,rs4977574,rs10757278,rs6725887,rs9818870,rs7903146,rs1801282,rs5219,rs13266634,rs10811661,rs429358,rs7412,rs11136000,rs3851179,rs744373,ancestry_code,ancestry_weight,label_CAD,label_T2D,label_Alzheimer
1,1,0,0,1,0,1,0,1,0,0,0,1,2,1,1,0.3,0,0,1
1,2,1,1,0,1,0,1,0,0,0,0,0,0,1,3,0.5,1,1,0
2,2,0,0,1,2,0,0,1,0,1,0,1,1,1,0,1.0,0,0,0
1,1,0,0,0,1,0,1,0,0,0,0,0,1,1,0,1.0,0,0,0
0,1,1,1,0,0,0,1,0,0,0,1,0,1,1,1,0.3,1,0,0
2,2,1,0,1,0,1,1,0,0,0,0,1,0,0,3,0.5,1,0,0
1,1,2,1,0,2,0,1,0,0,1,0,1,2,1,5,0.35,0,0,0
2,2,1,0,0,2,0,1,0,0,0,0,2,0,0,4,0.25,1,0,0
0,1,1,0,0,1,0,1,0,1,0,0,1,1,0,2,0.4,1,1,0
1,0,1,1,0,1,0,0,1,0,0,0,2,1,1,1,0.3,0,1,0
1,0,1,0,0,0,0,2,0,0,0,0,1,1,0,1,0.3,1,0,0
2,2,1,0,0,0,1,1,0,0,0,0,1,0,2,1,0.3,1,0,0
1,0,1,0,0,0,0,2,1,1,0,0,0,0,0,0,1.0,0,0,1
2,0,2,1,0,0,0,2,0,0,1,0,1,1,1,2,0.4,0,1,0
1,1,1,1,0,0,0,2,1,0,0,0,0,0,0,2,0.4,0,0,1
0,0,0,0,0,1,0,1,0,0,0,1,0,1,2,1,0.3,0,0,0
1,1,1,0,0,0,1,1,0,0,0,0,0,1,0,4,0.25,1,1,0
0,1,2,1,0,0,0,0,0,0,0,0,1,1,0,2,0.4,1,0,0
2,0,0,0,0,1,0,1,0,1,0,0,1,0,0,0,1.0,0,0,0
1,2,1,0,0,0,0,1,1,0,0,0,2,0,1,0,1.0,0,0,0
1,2,2,0,0,0,0,1,0,0,1,0,2,2,2,0,1.0,0,0,0
1,1,1,0,0,1,0,1,0,0,1,0,2,1,2,0,1.0,0,0,1
2,0,2,1,0,0,0,0,0,1,1,0,0,0,0,0,1.0,1,1,1
2,1,1,1,0,1,0,0,1,1,0,0,2,0,0,0,1.0,0,0,0
1,0,1,0,0,2,0,1,1,1,0,0,1,0,0,0,1.0,0,0,0
0,1,1,0,0,0,0,1,2,0,0,1,2,2,1,0,1.0,0,1,0
1,2,2,0,1,2,0,0,1,1,0,0,0,0,1,3,0.5,0,1,0
0,2,1,0,0,1,1,0,1,1,0,0,0,0,0,3,0.5,1,1,0
0,1,1,0,0,1,0,1,0,0,0,1,2,1,1,0,1.0,1,0,0
1,1,1,0,0,1,0,1,1,0,0,0,0,0,1,0,1.0,0,0,0
1,1,1,0,0,1,1,0,0,1,0,0,1,0,0,0,1.0,0,0,0
2,1,1,0,0,1,0,0,0,0,1,0,1,2,0,0,1.0,0,0,1
1,1,1,0,0,1,0,1,1,1,0,0,0,1,0,0,1.0,0,0,0
1,1,2,0,0,0,0,0,0,0,0,0,0,0,0,0,1.0,0,1,1
1,0,1,0,0,2,1,1,0,0,0,0,2,1,0,0,1.0,0,1,0
0,0,1,0,1,1,0,1,0,0,0,0,2,0,1,5,0.35,1,0,0
0,1,1,1,1,1,0,0,0,1,1,0,2,0,0,1,0.3,0,0,1
1,0,1,1,0,0,0,1,1,1,0,0,0,1,1,4,0.25,0,1,0
0,0,1,1,0,0,0,0,0,0,1,0,0,1,1,0,1.0,0,0,0
1,2,0,0,1,1,0,0,1,0,1,0,1,1,2,0,1.0,1,0,0
1,2,0,1,0,1,0,2,0,0,0,1,1,2,1,5,0.35,0,0,0
2,1,1,0,1,0,1,1,1,0,0,0,0,0,0,0,1.0,0,0,0
1,2,1,0,0,0,0,2,0,2,0,0,1,2,0,2,0.4,1,0,0
1,2,1,0,1,0,0,0,1,0,0,0,2,1,0,5,0.35,0,1,0
2,0,0,0,2,1,0,0,0,0,0,0,1,0,2,1,0.3,1,0,0
2,1,1,0,0,0,1,1,0,0,2,0,1,1,2,0,1.0,0,0,1
1,1,0,0,0,2,0,1,0,2,0,1,1,0,0,1,0.3,0,1,0
1,0,2,1,0,0,0,2,0,0,1,0,0,1,0,0,1.0,1,0,0
1,1,2,0,0,0,1,0,0,1,0,0,0,1,1,0,1.0,0,0,1
0,1,0,0,0,0,0,1,1,0,2,0,1,0,0,0,1.0,0,0,0
0,1,1,0,2,1,1,1,2,0,0,0,1,1,2,4,0.25,0,0,0
0,0,0,0,0,1,0,1,1,1,0,0,1,0,0,2,0.4,0,0,0
2,0,1,0,0,1,0,0,0,0,0,0,2,1,0,0,1.0,1,0,1
1,2,0,0,1,2,1,1,0,1,0,0,0,0,0,0,1.0,0,1,0
1,0,1,0,0,0,0,0,1,0,1,0,0,0,0,2,0.4,1,0,1
2,0,1,1,0,1,0,1,1,1,0,1,0,0,0,5,0.35,0,0,1
1,1,2,1,2,0,0,1,0,1,0,0,0,1,1,0,1.0,1,0,0
1,1,0,0,0,0,0,2,2,1,0,0,1,0,0,0,1.0,0,1,1
0,1,1,0,0,0,0,1,0,0,0,0,1,1,1,4,0.25,0,0,0
0,1,1,1,0,0,0,1,1,1,0,0,2,0,0,4,0.25,1,1,1
1,0,2,2,1,1,0,1,2,2,0,1,1,1,0,5,0.35,1,0,0
1,0,1,0,0,1,0,1,1,0,0,0,1,0,0,0,1.0,0,0,1
1,2,0,1,0,1,0,2,0,0,0,0,0,0,0,0,1.0,0,1,0
1,1,1,1,0,1,1,0,1,1,0,0,1,2,0,0,1.0,1,0,0
1,1,1,1,0,1,0,2,0,0,1,1,0,1,0,0,1.0,1,0,0
1,1,2,0,1,0,0,1,1,1,0,0,2,1,1,4,0.25,0,0,0
1,1,1,0,0,0,0,1,0,1,0,0,1,1,1,0,1.0,0,1,0
1,0,1,0,1,0,0,1,1,0,0,0,0,1,2,2,0.4,0,0,0
0,1,0,0,0,1,0,1,1,0,0,0,0,1,0,5,0.35,0,0,0
1,1,1,0,0,2,0,0,0,0,0,1,0,2,1,5,0.35,1,1,0
0,1,2,0,1,0,0,1,0,0,0,0,2,1,1,2,0.4,0,0,0
1,2,1,0,0,1,1,0,1,1,0,0,0,1,0,5,0.35,0,1,0
2,1,1,0,0,1,1,0,0,0,0,0,0,1,0,0,1.0,0,1,0
0,1,2,1,1,1,0,1,0,0,0,1,0,1,1,0,1.0,0,0,0
0,2,2,0,0,1,1,0,0,1,2,0,1,1,1,0,1.0,1,1,0
1,1,1,0,0,1,1,0,0,0,0,0,1,1,0,5,0.35,0,0,0
1,2,1,1,1,1,0,1,1,1,0,1,1,1,0,5,0.35,0,0,0
1,1,1,1,0,1,0,0,1,0,0,0,0,1,2,0,1.0,0,0,0
1,2,1,2,0,0,0,1,0,0,0,1,0,2,0,0,1.0,1,0,0
2,1,1,1,0,2,0,0,0,0,0,0,2,2,2,0,1.0,1,0,0
1,1,0,1,0,0,0,1,0,1,0,0,0,1,1,0,1.0,0,0,0
1,1,2,0,0,1,0,1,0,1,0,0,0,1,1,4,0.25,0,0,0
2,0,2,0,0,0,0,0,1,1,0,0,1,1,1,0,1.0,0,0,0
0,1,2,0,0,0,1,1,0,2,0,0,0,0,0,3,0.5,0,0,0
0,2,2,0,0,0,0,2,0,1,1,0,0,1,1,1,0.3,0,1,0
0,1,1,1,0,0,0,1,1,1,0,1,1,0,1,0,1.0,1,0,0
1,0,1,0,0,0,0,0,0,0,1,0,1,0,1,0,1.0,1,0,0
1,1,1,0,0,0,0,1,1,1,0,0,0,2,0,5,0.35,0,0,0
0,0,1,0,0,0,0,1,0,1,1,0,0,1,0,1,0.3,0,0,0
1,0,1,0,0,0,1,0,0,1,0,0,1,1,0,0,1.0,0,0,0
0,2,0,0,0,1,1,1,0,0,0,0,0,0,0,0,1.0,0,0,0
1,1,1,0,1,1,1,0,1,0,1,0,0,1,1,5,0.35,0,0,0
1,1,1,1,0,1,1,1,1,1,0,0,1,1,1,4,0.25,0,1,0
1,1,0,0,0,0,1,0,0,0,0,0,1,1,1,3,0.5,1,0,0
1,0,1,1,1,0,0,0,0,0,2,0,2,2,1,1,0.3,0,0,1
1,0,1,0,0,2,0,2,0,2,0,0,1,0,0,4,0.25,1,1,0
1,1,0,0,0,0,0,1,1,0,0,1,0,0,0,0,1.0,0,0,0
0,1,2,0,0,0,0,2,1,0,0,0,1,0,0,2,0.4,0,0,0
0,2,2,1,0,2,0,2,1,0,1,0,1,0,0,0,1.0,0,0,0
2,1,0,0,0,2,0,1,1,0,1,0,0,0,0,1,0.3,1,0,1
2,1,0,1,1,0,1,0,0,0,0,0,1,0,0,5,0.35,0,0,0
1,1,1,0,0,1,0,0,1,1,0,0,0,0,0,5,0.35,0,0,0
0,2,2,0,1,0,1,1,0,2,0,1,2,0,1,1,0.3,1,0,0
2,1,2,1,1,1,0,0,0,1,0,1,1,0,0,1,0.3,0,1,0
1,2,0,0,0,0,0,2,1,1,1,0,1,1,0,4,0.25,1,0,1
1,1,2,0,0,0,0,0,0,0,0,0,2,0,0,5,0.35,0,0,0
1,2,0,1,0,1,0,0,1,1,0,0,2,1,1,3,0.5,0,0,0
0,0,1,0,2,0,0,0,1,0,0,0,0,0,1,0,1.0,1,0,0
0,1,2,0,0,1,0,0,1,0,0,0,1,0,0,0,1.0,0,0,0
2,1,0,0,0,0,1,0,0,2,1,0,1,0,0,4,0.25,0,0,0
1,1,0,0,0,1,0,1,0,1,0,0,0,1,2,3,0.5,0,0,1
0,1,1,1,0,1,0,0,1,0,0,0,1,0,1,3,0.5,0,0,0
1,2,1,1,0,1,0,1,1,1,1,0,0,1,1,2,0.4,1,0,0
1,2,2,0,0,1,0,2,0,0,1,0,2,0,1,0,1.0,1,0,0
0,0,2,1,0,0,0,1,1,0,0,0,1,2,1,0,1.0,0,0,0
2,1,0,0,1,1,0,1,0,0,1,0,1,0,1,3,0.5,1,0,1
1,1,0,0,0,0,0,0,1,0,0,0,1,0,0,0,1.0,0,0,0
1,1,2,0,0,1,0,0,1,0,1,0,0,1,1,2,0.4,0,0,0
1,0,1,2,0,1,0,0,0,0,0,0,2,0,0,3,0.5,0,0,0
1,0,2,0,0,1,0,2,0,0,0,0,0,0,1,4,0.25,1,1,1
1,1,1,0,0,1,0,1,2,0,0,0,0,1,0,0,1.0,0,1,0
1,1,0,0,0,2,0,0,1,1,0,0,1,0,0,3,0.5,0,0,1
0,2,2,1,0,0,0,1,1,0,0,0,1,0,2,0,1.0,1,0,1
1,1,0,0,0,2,0,1,0,1,0,0,0,1,1,0,1.0,0,1,0
0,2,1,0,0,1,0,1,2,0,0,0,0,0,0,0,1.0,1,0,0
1,1,1,1,0,0,0,1,0,0,0,0,0,2,2,0,1.0,0,0,1
1,2,1,0,0,1,0,2,0,1,0,0,0,1,0,5,0.35,0,0,0
0,0,1,0,0,0,0,1,0,0,0,0,0,1,0,5,0.35,0,1,0
0,1,1,0,0,0,0,1,1,0,1,0,1,0,1,0,1.0,0,0,0
1,2,2,0,0,0,1,0,1,0,1,0,0,1,0,4,0.25,0,1,0
0,2,2,0,0,0,0,0,1,0,0,0,0,1,0,1,0.3,0,0,0
2,2,1,1,1,1,1,2,1,0,0,0,1,0,1,2,0.4,0,0,0
1,0,0,0,2,1,0,1,0,0,0,0,1,2,0,4,0.25,1,0,0
1,1,1,0,1,1,0,0,0,0,0,0,0,1,0,1,0.3,1,0,0
1,0,2,2,0,1,0,1,0,1,1,0,0,1,0,0,1.0,0,0,0
0,0,1,0,0,0,0,0,0,0,0,0,0,0,1,0,1.0,0,0,0
2,1,1,0,0,0,1,1,0,0,0,0,2,0,0,0,1.0,0,0,0
1,1,1,1,1,0,0,0,1,1,0,0,0,1,0,5,0.35,0,0,0
2,1,0,0,1,1,1,1,1,0,0,0,0,1,1,1,0.3,1,0,0
0,2,1,1,1,0,0,1,1,0,1,0,1,0,0,0,1.0,0,0,0
1,1,1,1,1,1,0,0,0,0,0,0,0,0,0,0,1.0,0,0,0
1,2,2,0,0,1,0,0,0,0,0,0,0,1,1,5,0.35,0,1,1
2,0,2,0,1,1,2,1,0,0,0,0,0,0,1,0,1.0,0,0,0
1,0,2,0,1,1,0,0,0,0,1,0,1,0,0,2,0.4,0,0,0
1,1,1,0,0,0,1,0,0,0,0,0,1,1,1,2,0.4,0,0,0
0,2,1,0,1,1,0,1,0,2,1,0,1,0,1,0,1.0,0,0,1
1,0,1,0,0,1,0,0,0,1,1,0,1,0,0,0,1.0,0,0,0
1,1,2,1,2,1,0,0,1,0,0,0,0,0,1,0,1.0,0,0,0
1,1,1,1,1,1,1,0,0,0,1,0,2,2,1,0,1.0,1,0,0
0,0,2,1,0,1,0,1,0,0,0,0,1,0,1,2,0.4,0,0,0
2,1,0,0,0,2,0,0,0,1,0,1,1,1,1,3,0.5,0,0,0
2,2,2,0,0,0,0,0,0,1,0,0,1,2,1,0,1.0,0,1,0
0,1,0,0,1,1,0,0,0,0,0,0,0,1,2,1,0.3,0,1,0
1,0,0,0,1,1,0,0,0,0,0,0,0,1,1,0,1.0,1,0,1
0,2,1,1,0,0,0,0,1,0,0,0,1,1,1,0,1.0,0,0,0
1,1,0,0,1,2,0,0,0,1,0,0,0,0,1,3,0.5,1,0,1
1,2,0,0,0,0,0,0,1,1,0,1,1,1,1,3,0.5,1,0,0
1,1,0,1,0,1,0,0,0,0,0,0,0,2,2,3,0.5,0,0,0
1,1,1,0,0,0,1,2,0,0,0,0,0,1,0,0,1.0,0,0,0
1,1,2,0,0,0,0,0,0,0,0,0,2,1,0,1,0.3,0,0,0
0,0,0,0,0,1,1,0,0,1,2,0,1,0,1,0,1.0,0,0,1
2,2,1,0,0,0,1,2,0,1,1,0,1,2,0,5,0.35,0,0,1
0,0,2,1,0,0,0,2,1,0,0,0,0,0,1,2,0.4,0,1,0
0,0,0,0,0,0,0,1,0,0,0,0,1,1,1,5,0.35,0,1,0
1,1,0,1,1,1,0,0,1,0,0,0,2,0,2,0,1.0,0,0,0
1,1,2,1,0,1,0,0,0,0,1,0,1,1,0,0,1.0,1,0,0
2,2,2,1,1,1,0,0,0,1,0,0,1,1,1,3,0.5,0,0,0
2,2,1,0,0,0,0,0,0,0,1,1,1,1,0,0,1.0,1,0,0
1,1,2,0,0,1,0,0,0,1,0,0,0,0,1,2,0.4,0,0,0
2,1,0,1,0,0,0,1,0,0,0,0,1,1,0,1,0.3,0,1,0
1,0,1,0,0,1,2,0,2,0,0,0,2,0,1,5,0.35,1,0,0
1,1,1,0,0,0,0,1,1,0,0,1,1,0,1,0,1.0,0,0,0
0,2,0,1,0,0,0,0,2,0,1,0,1,1,1,5,0.35,0,1,0
2,1,1,0,0,0,1,0,0,0,0,0,1,1,1,0,1.0,0,0,0
0,1,1,1,0,1,0,1,1,1,0,0,1,1,0,0,1.0,0,0,1
0,1,1,1,0,1,0,2,0,0,0,1,2,0,0,1,0.3,1,1,1
1,2,1,1,0,0,1,0,1,0,0,0,1,1,0,0,1.0,0,0,0
2,1,1,0,1,1,0,1,2,0,0,0,0,2,2,5,0.35,0,0,0
2,0,0,1,0,1,0,0,1,0,0,0,1,0,2,5,0.35,0,1,0
1,1,0,0,1,0,0,0,1,1,0,0,1,1,0,5,0.35,0,0,0
2,0,1,1,1,1,1,1,1,1,0,1,0,1,0,5,0.35,0,0,0
2,0,0,1,1,1,0,0,0,0,0,0,1,2,0,2,0.4,1,0,0
1,0,0,1,1,0,0,1,1,1,0,0,1,1,1,0,1.0,0,0,0
1,1,0,0,0,1,0,1,0,1,0,0,1,1,0,4,0.25,0,1,1
1,1,0,0,0,0,0,0,1,2,0,0,0,0,0,0,1.0,0,0,0
1,1,2,0,0,1,0,0,1,0,1,0,1,0,0,4,0.25,1,0,1
1,1,1,0,1,0,0,0,0,0,0,0,1,2,0,0,1.0,0,0,0
0,2,2,0,0,1,1,2,0,0,0,0,0,2,0,2,0.4,0,0,0
1,1,0,0,0,0,0,1,0,1,1,0,1,1,0,0,1.0,0,0,1
0,1,1,0,1,1,0,0,0,1,0,1,1,1,1,0,1.0,1,1,0
2,0,1,1,0,2,0,0,0,0,0,0,1,1,1,0,1.0,0,0,0
0,2,1,1,0,0,0,1,1,0,0,0,0,0,0,0,1.0,1,0,0
0,0,2,0,0,1,0,0,0,1,0,0,0,2,1,0,1.0,0,0,0
2,1,2,1,0,2,0,1,1,1,0,1,1,1,1,0,1.0,1,0,0
0,2,2,0,0,1,0,1,0,0,1,0,0,1,1,0,1.0,1,1,0
0,1,0,0,1,0,0,1,0,1,1,0,1,0,2,1,0.3,0,0,0
1,1,0,0,0,1,0,0,0,0,0,0,1,0,0,0,1.0,0,0,0
2,1,1,1,0,0,0,0,1,0,0,1,0,0,1,4,0.25,0,0,0
0,1,1,1,0,0,0,0,0,0,1,1,1,1,1,0,1.0,0,0,0
1,1,1,0,0,1,1,1,0,1,0,0,2,1,1,1,0.3,0,0,0
1,0,1,1,0,1,0,2,0,2,0,0,1,0,0,0,1.0,0,0,0
2,1,1,2,1,1,1,0,1,0,0,0,1,1,0,1,0.3,0,0,1
1,0,2,0,1,0,1,1,0,0,0,0,1,2,0,1,0.3,0,0,0
0,2,1,0,0,1,0,1,1,0,0,0,0,0,2,2,0.4,0,0,0
0,0,0,0,0,1,1,0,1,0,0,0,0,1,1,0,1.0,0,0,0
0,1,0,2,0,0,0,0,1,0,0,0,1,1,0,1,0.3,0,0,1
0,2,1,0,0,1,0,0,0,0,0,1,1,0,1,0,1.0,0,0,0
1,1,1,0,0,0,0,1,0,0,1,0,0,1,0,0,1.0,0,0,0
0,1,0,1,0,0,0,1,0,0,0,0,0,1,0,0,1.0,0,0,0
1,1,1,0,0,1,0,1,0,0,0,0,2,0,1,2,0.4,1,0,0
1,2,1,1,2,2,0,1,1,1,0,0,0,0,1,0,1.0,0,1,1
1,1,2,0,0,0,0,1,0,0,0,0,1,1,1,3,0.5,1,0,0
0,2,1,2,1,0,1,2,0,0,1,1,1,0,1,0,1.0,1,0,0
2,2,1,1,0,0,0,1,0,1,1,0,1,1,1,0,1.0,1,0,0
1,1,1,0,1,1,0,1,1,0,0,0,0,1,1,0,1.0,0,0,0
1,0,1,1,0,0,0,1,0,0,0,0,0,1,0,0,1.0,0,0,0
0,1,1,0,0,1,0,1,1,0,0,0,1,1,1,1,0.3,1,0,1
0,0,1,0,1,2,0,1,0,0,0,2,1,1,1,4,0.25,0,0,1
2,1,1,0,1,0,0,2,2,0,0,0,0,1,0,3,0.5,0,0,0
1,2,0,1,0,1,0,1,1,0,0,0,1,1,0,0,1.0,1,0,0
1,1,0,0,0,1,0,1,0,0,0,0,1,0,0,0,1.0,0,1,1
1,1,0,0,0,1,1,1,0,0,0,0,0,0,0,4,0.25,1,0,0
1,0,2,0,0,0,0,1,0,0,0,0,1,0,1,0,1.0,0,0,0
2,2,1,0,0,0,0,1,0,0,0,1,0,0,0,0,1.0,1,0,0
1,0,0,0,1,0,0,1,0,0,0,0,1,1,1,4,0.25,0,0,0
2,0,2,0,0,1,1,1,1,0,0,1,0,0,0,0,1.0,0,1,0
0,0,1,0,0,1,0,2,1,1,0,0,1,0,0,0,1.0,0,1,1
1,0,1,1,0,0,0,0,0,0,0,0,0,0,0,0,1.0,0,0,0
1,1,2,0,0,0,0,1,0,0,0,1,1,1,0,1,0.3,1,0,0
0,1,0,0,0,1,0,1,0,0,0,0,1,1,2,0,1.0,0,0,0
0,1,0,1,0,0,0,2,2,0,1,0,2,1,0,2,0.4,0,0,0
1,0,1,0,0,0,0,2,0,1,1,1,1,1,0,0,1.0,0,0,1
2,0,0,1,0,1,0,1,1,0,0,0,1,1,0,0,1.0,1,0,0
1,1,1,0,1,0,0,1,1,0,0,1,0,1,0,0,1.0,0,0,1
2,0,0,1,1,0,0,0,0,1,0,0,0,0,1,4,0.25,1,0,0
2,1,0,1,1,0,0,2,0,1,0,1,0,2,1,0,1.0,0,0,0
1,0,0,1,0,0,1,0,0,1,0,0,1,0,0,3,0.5,1,0,0
2,1,1,0,0,1,0,1,1,0,0,0,1,1,1,0,1.0,0,0,0
0,1,0,0,0,1,0,1,0,0,0,1,1,1,0,0,1.0,0,0,0
0,1,0,1,0,1,0,1,1,0,0,0,1,0,1,0,1.0,0,0,1
2,0,2,0,0,0,1,0,1,0,0,0,1,1,1,1,0.3,0,0,0
2,0,1,0,0,1,0,0,1,0,0,0,0,0,0,0,1.0,1,0,0
0,2,1,0,0,0,1,1,0,1,0,0,0,0,1,3,0.5,1,0,0
1,0,0,1,0,1,0,1,0,0,0,1,1,0,1,5,0.35,0,0,0
1,1,1,0,0,0,0,0,1,0,0,0,0,0,0,3,0.5,1,0,0
2,1,0,0,0,1,0,1,0,0,0,0,0,0,2,1,0.3,0,0,0
1,1,1,1,0,0,0,0,1,0,0,0,2,1,1,1,0.3,0,0,0
1,1,0,0,0,0,1,1,0,0,0,1,2,1,0,2,0.4,0,1,0
1,1,2,0,0,1,1,0,0,1,0,1,1,1,1,0,1.0,0,1,0
1,2,2,0,0,0,0,0,1,0,1,1,1,1,1,3,0.5,0,0,1
1,0,0,0,0,0,1,0,0,0,0,0,1,0,1,4,0.25,0,0,0
2,1,0,0,1,1,0,1,0,0,0,0,0,0,1,0,1.0,0,0,0
1,0,0,1,0,1,0,1,0,0,0,0,1,1,1,5,0.35,0,1,0
0,1,1,1,0,0,0,1,0,0,1,0,0,2,1,4,0.25,1,1,1
0,1,0,0,1,1,0,1,1,1,1,0,2,1,1,0,1.0,0,0,1
1,0,2,0,0,1,1,0,0,0,1,0,2,0,0,5,0.35,0,0,0
2,1,1,0,1,1,0,0,0,0,0,0,1,1,0,0,1.0,1,0,0
0,2,2,1,1,1,0,0,0,2,0,0,0,2,1,0,1.0,0,0,1
0,0,1,1,0,1,0,2,2,0,0,0,1,0,1,0,1.0,0,0,0
1,1,2,1,0,1,0,0,0,1,0,0,0,0,0,1,0.3,0,0,0
0,1,0,0,0,1,0,2,2,0,0,0,2,0,1,0,1.0,0,0,1
2,0,1,0,2,2,0,0,1,0,0,1,0,1,1,5,0.35,0,0,0
1,0,1,0,0,0,0,0,0,1,0,0,0,2,1,0,1.0,1,0,0
0,0,2,0,0,0,0,0,1,0,1,1,1,1,0,0,1.0,1,0,1
2,2,1,0,0,0,0,0,1,0,0,0,1,0,1,2,0.4,1,0,0
0,0,2,0,0,2,0,1,0,0,0,0,1,1,0,0,1.0,1,0,0
1,0,0,2,1,0,0,1,0,1,0,0,0,1,0,3,0.5,1,0,0
0,0,2,0,0,1,0,0,1,0,1,0,1,1,1,0,1.0,0,1,1
0,0,1,0,1,1,1,1,1,0,1,0,0,1,2,5,0.35,0,0,1
0,1,1,1,1,2,0,1,1,1,0,0,0,0,0,2,0.4,0,0,1
0,0,2,0,0,0,1,2,2,1,1,0,1,0,1,0,1.0,0,0,0
0,1,1,1,0,1,0,2,0,0,1,1,0,1,2,0,1.0,0,1,1
0,1,1,0,1,1,0,1,1,0,1,0,1,1,0,0,1.0,1,0,1
1,2,1,1,1,0,0,1,1,0,1,0,0,2,0,5,0.35,1,0,0
1,0,0,0,1,1,0,1,0,0,0,0,0,1,1,2,0.4,0,0,0
1,2,1,0,0,0,1,1,0,0,1,0,1,0,1,0,1.0,0,0,0
1,1,0,0,0,1,0,1,0,0,0,0,0,0,0,0,1.0,0,0,0
1,0,0,0,0,1,0,0,1,0,0,0,1,1,1,4,0.25,0,1,0
2,1,2,0,1,0,0,1,0,0,0,0,1,0,1,0,1.0,1,1,0
2,2,1,0,0,0,0,2,1,1,1,0,0,1,1,2,0.4,0,0,1
0,0,1,0,0,0,0,0,0,0,1,2,1,0,1,3,0.5,0,0,1
0,2,1,1,0,0,0,1,0,2,0,2,0,0,0,0,1.0,0,0,1
0,1,1,0,0,1,0,2,1,1,2,0,1,1,0,1,0.3,0,1,1
0,1,1,0,0,0,0,0,0,0,0,1,0,0,0,0,1.0,0,0,0
1,2,2,0,0,0,0,1,1,2,0,0,1,1,2,0,1.0,0,0,0
1,1,2,1,0,1,0,2,0,1,0,0,1,1,2,5,0.35,0,0,0
0,2,1,0,1,1,0,2,1,0,1,1,1,1,1,2,0.4,0,0,1
1,1,1,0,1,1,0,0,0,1,0,0,2,1,0,4,0.25,1,0,0
1,2,1,1,0,2,0,0,2,0,0,0,0,1,1,1,0.3,0,0,0
0,1,1,0,0,0,0,1,1,1,0,0,2,1,0,0,1.0,0,1,0
2,0,1,1,1,1,0,0,0,0,0,0,1,0,0,2,0.4,1,1,0
0,1,1,0,0,0,0,0,0,0,0,0,2,0,0,1,0.3,1,0,1
2,1,1,0,0,1,0,0,0,0,1,0,2,1,1,0,1.0,0,0,1
0,0,1,0,0,2,0,0,1,1,0,0,2,1,0,0,1.0,0,1,0
2,0,1,1,0,1,0,1,1,0,1,0,0,1,1,2,0.4,1,0,0
2,1,1,0,0,1,1,1,0,0,0,0,1,1,2,3,0.5,0,0,0
2,0,0,0,1,1,0,1,0,0,2,0,1,1,1,0,1.0,0,0,1
2,0,0,0,0,0,0,1,1,0,0,1,1,0,0,4,0.25,0,0,1
2,1,1,0,0,1,0,0,0,1,0,0,0,1,1,0,1.0,0,0,0
1,1,1,0,1,1,0,0,1,1,0,0,2,0,1,0,1.0,0,0,0
1,1,0,0,1,2,1,0,0,0,0,0,0,0,0,0,1.0,0,0,0
0,1,1,0,1,1,0,0,1,0,0,0,1,1,1,3,0.5,0,0,0
1,2,1,0,0,0,0,0,2,0,1,0,1,1,1,0,1.0,0,0,0
1,1,0,0,0,1,2,0,0,0,0,0,0,0,0,0,1.0,0,0,0
2,0,2,0,0,0,0,0,0,1,0,0,1,2,1,0,1.0,1,0,0
1,0,2,0,0,0,0,0,0,1,0,0,0,1,0,2,0.4,0,0,0
1,1,1,0,0,0,0,1,0,0,2,0,1,1,0,3,0.5,0,0,0
1,0,1,0,0,1,0,1,0,0,0,0,2,2,1,0,1.0,0,0,1
0,1,0,0,0,0,0,2,2,0,0,0,0,1,0,5,0.35,0,1,0
0,2,2,0,1,0,0,1,1,0,0,0,1,1,0,0,1.0,1,1,0
1,0,1,0,2,0,1,1,0,0,0,0,0,0,0,0,1.0,1,1,0
1,0,2,0,0,1,1,0,1,1,0,0,2,0,0,1,0.3,0,1,0
0,2,1,1,0,1,0,1,0,0,0,0,2,0,0,2,0.4,0,0,0
1,1,0,0,0,0,0,0,1,1,0,0,0,0,1,0,1.0,0,1,0
1,0,0,1,0,0,0,1,0,0,0,0,1,1,0,1,0.3,0,1,0
1,2,1,0,0,1,0,0,1,0,0,0,1,0,0,0,1.0,0,0,1
1,2,1,1,0,0,0,1,1,0,0,0,1,1,1,1,0.3,1,1,1
1,1,0,0,1,1,0,0,1,0,1,0,1,0,2,2,0.4,1,1,0
1,1,1,0,0,0,0,1,1,0,0,0,1,0,0,5,0.35,0,0,0
2,0,2,0,1,2,0,1,0,0,0,0,1,2,0,0,1.0,0,1,0
2,0,1,1,0,0,0,1,1,1,0,0,0,1,0,2,0.4,0,0,0
1,1,1,0,0,1,0,1,0,0,0,0,1,2,0,1,0.3,0,0,0
1,1,0,0,0,0,0,1,1,1,1,0,2,1,0,0,1.0,0,0,0
1,1,2,0,0,2,1,0,0,1,0,0,0,0,2,0,1.0,1,1,0
2,2,1,1,0,2,0,1,0,0,0,0,1,1,1,5,0.35,1,1,0
1,0,2,0,2,1,1,1,0,0,0,0,0,1,0,0,1.0,0,1,0
2,1,1,0,0,0,0,0,0,0,0,0,2,0,2,3,0.5,1,0,0
1,0,1,0,0,0,1,0,1,0,1,0,1,1,0,0,1.0,0,1,0
1,2,0,1,0,1,0,2,1,1,0,0,1,1,0,3,0.5,1,0,0
1,0,0,0,0,1,0,1,1,1,0,0,0,1,0,0,1.0,0,1,0
1,1,2,0,0,0,1,1,0,0,1,0,1,1,0,5,0.35,0,0,0
0,1,1,1,0,0,0,1,2,0,1,0,2,1,1,2,0.4,0,0,0
1,1,1,0,1,0,0,0,0,1,0,0,1,0,0,0,1.0,0,0,0
2,1,2,0,0,1,0,1,0,1,0,0,1,2,1,2,0.4,1,0,0
0,1,2,0,0,1,0,0,1,0,0,0,1,0,0,1,0.3,0,0,0
1,1,2,0,0,1,0,1,0,1,1,0,1,0,1,0,1.0,0,0,1
0,1,0,0,1,1,0,1,0,0,0,1,1,0,1,0,1.0,1,0,0
1,2,1,0,0,0,1,0,0,0,0,0,0,1,0,2,0.4,0,0,0
0,1,2,1,0,0,0,1,0,0,1,0,0,2,0,3,0.5,0,0,0
2,1,1,1,0,0,0,0,1,0,0,0,1,2,1,0,1.0,1,0,0
0,0,0,0,0,1,0,1,0,1,0,0,2,1,1,4,0.25,0,0,0
2,2,2,0,0,0,1,1,0,0,0,0,2,2,0,0,1.0,1,0,0
2,1,1,0,1,0,0,1,1,0,1,0,2,1,1,0,1.0,1,0,1
1,1,1,1,0,0,0,1,0,0,0,0,1,0,0,1,0.3,0,0,0
2,0,2,0,1,0,0,2,1,0,0,0,0,1,0,0,1.0,1,0,0
2,2,1,0,0,1,0,1,2,0,0,1,1,0,1,0,1.0,0,0,0
2,1,1,0,1,0,1,1,1,0,1,1,2,0,0,1,0.3,1,1,0
0,1,1,0,1,0,0,1,1,1,1,0,1,0,0,0,1.0,0,0,1
1,0,1,0,0,1,0,0,0,0,0,0,1,0,0,0,1.0,0,0,0
0,2,0,1,0,0,0,0,1,1,0,0,1,2,0,2,0.4,0,1,0
1,0,2,0,0,0,0,1,0,0,1,2,1,2,0,1,0.3,1,0,0
0,0,2,1,1,0,0,0,0,1,1,1,2,0,0,4,0.25,1,0,0
1,2,1,0,0,1,0,0,1,1,0,0,1,1,2,1,0.3,1,0,0
1,2,1,1,0,0,0,0,0,0,0,0,1,0,1,0,1.0,0,0,0
1,0,2,1,0,1,0,1,1,0,1,0,0,0,0,0,1.0,0,0,0
1,1,0,2,1,2,0,0,1,1,1,0,1,0,0,3,0.5,1,0,0
1,1,1,0,0,1,0,1,2,0,0,0,0,0,1,0,1.0,0,1,1
2,2,1,0,0,0,0,1,0,0,0,0,2,0,0,0,1.0,0,1,0
1,1,1,0,2,1,0,1,0,0,0,0,1,0,0,4,0.25,1,0,0
1,1,0,0,0,0,0,0,1,0,1,0,1,0,1,3,0.5,0,0,0
2,1,1,0,1,0,0,1,0,0,0,0,0,0,0,1,0.3,0,0,0
0,1,1,2,0,1,0,0,0,1,0,0,1,2,1,0,1.0,1,0,0
0,1,1,2,0,0,0,1,1,0,0,0,1,0,1,0,1.0,0,1,0
0,1,0,0,1,0,0,0,2,1,1,0,0,0,1,0,1.0,0,0,0
1,0,1,0,0,0,0,2,1,1,1,0,2,1,0,3,0.5,0,0,1
1,2,1,1,0,0,0,0,0,0,1,0,0,0,0,0,1.0,1,0,0
1,2,0,1,0,0,0,1,0,0,0,0,1,1,0,0,1.0,0,0,0
1,2,0,0,0,1,0,0,1,0,1,0,0,0,1,0,1.0,1,0,1
1,0,0,0,0,2,0,1,0,0,1,0,1,1,2,1,0.3,0,0,1
2,0,1,1,0,0,0,1,0,0,0,0,1,1,2,2,0.4,0,0,1
1,1,0,0,0,1,1,0,0,0,0,0,2,1,0,0,1.0,0,0,1
0,0,2,0,0,0,0,0,0,0,2,0,0,1,1,0,1.0,0,0,0
1,2,1,2,0,0,1,0,0,1,0,0,2,1,1,0,1.0,0,0,0
1,1,2,2,0,0,0,0,0,0,0,0,1,0,1,0,1.0,0,0,1
0,1,2,1,0,0,0,2,1,0,0,0,0,0,1,1,0.3,0,0,0
0,2,0,1,0,0,0,0,0,0,0,0,0,1,0,0,1.0,0,0,0
2,1,1,0,1,0,0,0,1,0,0,0,0,0,0,2,0.4,1,1,1
1,1,2,0,0,0,1,2,0,1,0,0,2,0,2,3,0.5,1,0,0
1,1,1,0,0,1,0,0,1,0,0,0,0,1,0,5,0.35,0,0,0
1,1,1,0,0,0,1,0,0,0,1,0,1,0,0,5,0.35,0,0,0
1,1,1,0,1,0,0,1,0,0,0,0,1,0,0,0,1.0,0,0,0
2,1,0,0,0,0,1,2,0,0,0,0,2,1,0,0,1.0,0,1,0
2,2,1,0,0,1,1,1,0,0,1,0,1,0,2,0,1.0,0,0,0
1,1,2,1,0,0,0,1,0,0,0,1,1,1,0,2,0.4,0,0,1
1,0,2,0,0,1,0,2,1,1,0,0,0,2,0,0,1.0,0,0,0
2,1,0,0,1,0,0,0,1,1,1,0,2,2,1,0,1.0,0,0,0
1,1,1,0,2,0,0,2,0,0,0,0,0,1,1,0,1.0,1,0,1
2,0,1,0,0,2,1,1,0,1,0,0,0,0,0,0,1.0,0,0,0
0,0,2,1,1,0,0,2,1,0,0,0,2,1,0,2,0.4,0,1,0
2,1,0,0,0,0,0,0,1,2,1,0,0,1,0,2,0.4,0,0,0
1,1,2,0,0,0,0,0,0,0,0,1,0,1,0,1,0.3,1,0,0
0,2,2,1,1,2,0,1,1,0,0,0,1,0,0,5,0.35,0,1,1
1,0,0,0,0,1,1,1,0,0,2,0,0,0,0,0,1.0,0,1,0
1,0,0,0,0,1,0,1,1,0,0,1,0,0,1,0,1.0,0,0,0
0,1,2,0,0,2,0,2,0,1,0,0,1,0,1,0,1.0,0,0,0
1,2,0,0,2,0,1,1,0,0,0,0,1,0,1,2,0.4,0,0,0
2,0,1,0,0,2,0,0,0,0,0,0,1,2,0,1,0.3,0,0,0
1,0,2,0,0,0,0,0,1,0,0,0,0,0,0,0,1.0,1,0,0
1,0,1,0,0,1,0,0,0,1,0,0,1,1,2,5,0.35,1,0,1
1,1,1,0,0,0,0,0,1,1,0,0,1,2,1,0,1.0,1,0,0
1,1,1,0,0,0,0,0,1,0,0,0,0,0,1,0,1.0,0,0,0
2,0,0,0,1,2,1,1,1,0,0,0,0,1,0,2,0.4,0,1,0
2,0,2,1,1,0,0,1,0,0,0,0,0,1,0,5,0.35,1,0,0
0,1,1,0,1,2,1,1,0,1,0,0,1,0,1,2,0.4,1,0,0
2,2,0,0,1,0,1,0,0,1,0,0,0,1,1,5,0.35,1,1,0
2,1,1,0,0,1,1,1,1,0,1,1,1,1,0,0,1.0,1,0,0
1,1,2,0,0,2,0,1,1,1,0,0,2,1,2,1,0.3,0,0,0
2,0,0,0,0,0,0,2,0,0,0,0,0,1,1,4,0.25,0,1,0
0,0,2,1,0,2,0,1,1,1,0,0,1,2,1,1,0.3,1,0,0
2,1,1,1,1,1,0,1,0,0,1,0,0,0,0,0,1.0,1,0,0
1,1,2,0,0,1,0,1,0,0,0,1,0,1,1,5,0.35,1,0,0
1,2,2,0,1,0,0,1,0,0,1,0,1,1,1,0,1.0,0,0,0
0,2,2,1,0,1,0,1,1,0,0,0,1,1,0,0,1.0,0,0,0
2,2,2,0,0,1,0,0,0,1,0,0,2,1,1,4,0.25,1,0,1
0,2,0,0,0,0,0,0,0,0,1,0,1,1,1,5,0.35,0,0,1
0,2,2,0,0,0,0,0,1,1,0,0,0,2,1,5,0.35,1,0,0
0,0,1,0,0,0,0,1,0,1,0,0,1,0,0,4,0.25,1,0,0
1,0,1,1,0,1,1,1,0,1,1,0,0,1,1,0,1.0,1,0,1
0,1,2,0,0,0,0,1,0,1,0,1,2,0,0,5,0.35,0,1,0
2,1,2,1,1,1,1,1,0,0,0,0,1,1,0,0,1.0,0,1,1
1,0,1,0,0,2,1,0,0,0,0,0,0,1,0,2,0.4,0,0,0
0,2,1,0,0,0,0,1,0,0,0,0,1,1,0,0,1.0,1,0,0
0,1,1,0,1,0,0,0,1,0,1,0,1,0,0,3,0.5,0,0,0
0,1,1,0,0,1,0,2,0,1,0,0,1,1,1,1,0.3,1,0,0
1,0,1,0,1,0,0,0,1,0,1,0,0,0,1,4,0.25,0,0,0
2,0,1,0,1,1,0,1,0,0,0,0,0,0,0,0,1.0,0,0,0
0,0,0,0,0,1,0,1,0,0,1,0,0,0,2,0,1.0,0,0,0
2,2,0,0,0,1,1,1,0,0,1,0,1,2,0,0,1.0,0,1,0
0,1,2,0,0,0,1,0,0,1,1,1,1,0,1,0,1.0,1,0,0
2,1,1,0,1,1,1,2,0,0,0,0,0,2,2,2,0.4,1,0,1
2,1,2,0,1,1,0,1,0,1,0,1,1,0,1,0,1.0,0,0,0
1,1,1,0,0,0,0,1,1,0,0,0,1,1,1,1,0.3,0,0,0
1,1,0,1,0,1,1,1,1,1,0,0,0,1,1,0,1.0,1,0,0
2,1,0,1,0,1,0,0,0,0,0,0,2,1,0,0,1.0,0,1,0
0,1,0,0,0,1,0,1,1,0,1,0,1,1,0,2,0.4,0,1,1
0,0,2,0,1,0,0,0,1,0,0,0,1,1,0,0,1.0,1,1,0
0,2,0,0,0,0,0,0,1,0,1,0,1,2,0,0,1.0,0,0,0
1,0,1,0,0,0,0,1,0,1,0,0,0,1,0,0,1.0,1,0,0
1,2,2,0,0,0,0,1,0,0,1,0,2,0,0,0,1.0,1,0,0
1,0,2,0,1,0,0,0,0,0,0,0,1,0,2,2,0.4,0,1,0
2,0,0,0,2,2,0,0,0,1,0,0,1,1,1,0,1.0,1,0,0
0,2,0,0,0,0,0,0,0,0,1,0,2,1,1,0,1.0,0,0,1
1,0,0,0,0,1,0,0,1,0,1,0,1,1,1,2,0.4,0,0,1
0,1,0,0,0,0,0,1,1,2,1,0,1,1,0,1,0.3,0,1,0
0,1,0,1,0,0,1,0,0,0,1,0,0,0,0,1,0.3,1,0,0
1,0,1,1,0,0,0,2,0,1,0,0,0,1,1,0,1.0,0,0,0
2,1,2,0,0,0,0,0,0,0,1,0,1,1,1,5,0.35,0,0,0
1,2,1,1,0,1,0,0,0,1,0,0,1,1,0,0,1.0,1,0,0
0,2,1,0,0,2,0,1,0,1,0,0,1,1,0,0,1.0,0,0,0
1,1,0,1,0,1,1,0,0,1,0,0,1,2,0,5,0.35,1,0,0
0,1,2,1,0,0,0,1,1,0,0,0,0,1,0,2,0.4,1,0,1
2,0,1,0,0,1,0,2,2,1,0,0,0,2,0,1,0.3,0,0,0
1,0,2,1,0,0,0,2,1,0,1,0,1,0,0,4,0.25,0,0,1
0,0,2,1,1,2,0,1,1,2,0,0,0,1,1,0,1.0,1,1,0
0,2,1,1,0,1,2,0,0,0,1,0,1,1,2,4,0.25,0,0,0
0,2,0,1,0,0,1,1,0,0,0,0,1,1,1,2,0.4,0,0,0
2,1,0,0,0,0,1,2,0,1,0,0,1,0,1,0,1.0,1,0,0
1,1,1,0,0,0,1,2,1,0,0,0,1,1,1,0,1.0,1,0,0
2,1,2,1,0,0,0,0,0,0,0,0,1,0,0,0,1.0,1,0,0
1,1,1,0,0,2,1,0,1,1,0,0,1,2,1,5,0.35,0,1,1
1,1,2,0,1,1,0,0,0,0,0,0,0,0,0,0,1.0,1,0,0
0,1,1,0,0,2,1,0,0,0,0,0,1,0,1,0,1.0,0,0,0
2,0,0,0,0,0,0,1,0,0,0,0,1,1,0,2,0.4,0,0,0
1,0,1,0,0,1,0,0,2,0,1,0,0,0,1,2,0.4,1,0,0
1,2,1,1,0,0,0,0,0,0,0,0,1,0,2,0,1.0,1,0,1
1,1,1,0,1,1,1,0,0,0,1,0,2,1,0,3,0.5,0,0,0
1,2,1,1,1,0,0,1,0,0,1,0,0,1,0,1,0.3,0,0,0
2,0,0,1,0,0,0,0,1,0,0,0,1,0,0,4,0.25,0,0,0
0,1,1,0,0,1,0,1,2,0,0,0,2,1,1,0,1.0,0,1,0
1,0,0,0,0,0,1,0,0,0,0,0,2,1,1,0,1.0,0,0,0
1,0,2,0,0,0,0,2,1,0,0,0,1,1,0,2,0.4,0,1,0
1,0,0,1,1,1,0,0,0,0,0,0,1,0,1,0,1.0,1,0,0
0,0,0,1,1,0,0,1,1,0,1,0,2,0,0,1,0.3,0,1,0
0,2,1,0,0,2,0,0,0,1,0,2,1,2,0,0,1.0,0,0,0
0,1,1,0,0,1,0,0,0,0,0,1,0,1,0,3,0.5,0,0,0
1,1,1,0,0,1,0,0,1,0,0,0,0,0,1,4,0.25,0,0,1
1,1,1,0,0,1,1,0,0,0,0,0,1,1,0,4,0.25,1,0,0
1,1,2,1,0,1,1,0,0,0,0,0,1,0,0,5,0.35,0,1,0
1,1,1,1,0,1,1,1,1,1,0,0,0,1,0,5,0.35,0,1,0
1,0,1,0,1,1,0,1,2,1,2,0,0,1,1,0,1.0,1,0,1
1,2,1,1,0,1,0,0,0,1,0,0,1,2,1,0,1.0,0,0,1
0,2,0,0,0,0,0,1,1,0,0,0,1,2,2,4,0.25,0,0,0
1,1,1,1,0,0,1,1,1,0,0,0,2,0,1,5,0.35,1,0,1
1,1,0,0,0,1,0,0,0,0,0,0,1,1,1,5,0.35,0,1,0
0,0,1,0,1,0,0,0,1,0,1,0,2,0,0,3,0.5,0,0,1
1,2,0,1,0,0,0,0,0,0,1,0,2,1,1,0,1.0,1,0,0
1,1,2,0,1,0,0,0,1,0,1,0,0,1,0,5,0.35,1,0,0
0,0,1,0,1,1,0,1,0,0,0,0,1,0,0,5,0.35,0,1,0
1,1,2,2,0,0,0,2,0,1,0,1,0,0,0,2,0.4,1,0,1
1,2,1,0,0,1,0,2,0,0,1,0,2,0,0,4,0.25,1,0,1
1,1,0,0,1,1,0,2,0,0,0,0,0,0,2,1,0.3,0,1,0
1,1,2,0,0,1,0,1,1,1,0,0,1,0,2,5,0.35,1,0,1
1,2,1,0,0,0,1,0,2,1,0,1,2,2,1,0,1.0,0,0,1
1,0,2,0,1,1,0,0,0,0,0,1,0,1,0,4,0.25,1,0,0
2,2,1,0,1,1,0,0,0,0,1,0,2,1,1,0,1.0,1,0,0
1,1,1,1,0,0,1,0,0,0,0,0,0,1,1,0,1.0,0,1,0
1,1,2,0,0,1,0,0,0,0,1,0,1,1,0,0,1.0,0,1,0
1,0,1,0,0,0,0,1,0,0,0,0,1,0,1,0,1.0,1,0,0
1,2,1,1,1,2,0,0,1,0,0,1,1,1,1,0,1.0,0,1,1
1,0,1,0,0,0,1,0,1,0,0,0,1,1,0,5,0.35,0,0,0
